{
    "anchors": [
        2.219365569544607e-06,
        4.825157702725846e-06,
        4.420473032951122e-06,
        8.910934411687776e-06,
        5.508353751793038e-06,
        2.0233399482094683e-05,
        1.0438750905450433e-05,
        1.4592546904168557e-05,
        1.1409107173676603e-05,
        3.5738732549361885e-05,
        1.9950506612076424e-05,
        5.522075298358686e-05,
        3.5157801903551444e-05,
        7.314942922675982e-05,
        6.756575749022886e-05,
        8.795605390332639e-05
    ],
    "wh_scale": [
        0.9886768460273743,
        0.9886768460273743,
        0.9886768460273743,
        0.9886768460273743,
        0.9886768460273743,
        0.9886768460273743,
        0.9886768460273743,
        0.9886768460273743,
        0.9886768460273743,
        0.9886768460273743,
        0.9886768460273743,
        0.9886768460273743,
        0.9886768460273743,
        0.9886768460273743,
        6.733902931213379,
        7.456346035003662
    ],
    "metadata": {
        "num_anchors": 8,
        "anchor_dims": 2,
        "description": "Model constants for UHD detection model"
    }
}